{
  "products": [
    {
      "image": "https://template.hasthemes.com/flone/flone/assets/img/product/hm10-pro-1.jpg",
      "id": 1
    },
    {
      "image": "https://template.hasthemes.com/flone/flone/assets/img/product/hm10-pro-2.jpg",
      "id": 2
    },
    {
      "image": "https://template.hasthemes.com/flone/flone/assets/img/product/hm10-pro-3.jpg",
      "id": 3
    },
    {
      "image": "https://template.hasthemes.com/flone/flone/assets/img/product/hm10-pro-4.jpg",
      "id": 4
    },
    {
      "image": "https://template.hasthemes.com/flone/flone/assets/img/product/hm10-pro-5.jpg",
      "id": 5
    },
    {
      "image": "https://template.hasthemes.com/flone/flone/assets/img/product/hm10-pro-6.jpg",
      "id": 6
    }
  ]
}