[{"id":1,"first_name":"Jodie","last_name":"Dukelow","email":"jdukelow0@pinterest.com","date_of_birth":"1992-07-20T19:26:42Z","age":33,"country":"Indonesia","phone":"578-154-1713"},
{"id":2,"first_name":"Tammie","last_name":"MacNeilley","email":"tmacneilley1@linkedin.com","date_of_birth":"2012-11-22T09:06:37Z","age":33,"country":"Japan","phone":"955-778-6296"},
{"id":3,"first_name":"Jess","last_name":"Everard","email":"jeverard2@ed.gov","date_of_birth":"2014-03-21T19:28:45Z","age":46,"country":"Indonesia","phone":"678-520-7494"},
{"id":4,"first_name":"Olivia","last_name":"Laycock","email":"olaycock3@marriott.com","date_of_birth":"1972-10-03T01:21:39Z","age":26,"country":"United States","phone":"843-155-2396"},
{"id":5,"first_name":"Teodorico","last_name":"Scrammage","email":"tscrammage4@goo.gl","date_of_birth":"1983-08-15T04:46:17Z","age":46,"country":"Syria","phone":"755-622-4053"},
{"id":6,"first_name":"Merrili","last_name":"Mowat","email":"mmowat5@nsw.gov.au","date_of_birth":"2021-10-13T10:43:48Z","age":18,"country":"China","phone":"624-665-0208"},
{"id":7,"first_name":"Tess","last_name":"Horley","email":"thorley6@netvibes.com","date_of_birth":"2011-05-15T00:09:00Z","age":52,"country":"Cape Verde","phone":"337-929-8849"},
{"id":8,"first_name":"Filide","last_name":"Heersema","email":"fheersema7@hibu.com","date_of_birth":"2009-04-24T17:51:28Z","age":31,"country":"China","phone":"765-361-7036"},
{"id":9,"first_name":"Randal","last_name":"Thwaite","email":"rthwaite8@e-recht24.de","date_of_birth":"2014-03-13T12:33:07Z","age":57,"country":"Indonesia","phone":"752-105-2995"},
{"id":10,"first_name":"Jonis","last_name":"Matieu","email":"jmatieu9@bbb.org","date_of_birth":"2002-10-19T17:34:46Z","age":32,"country":"Peru","phone":"688-369-6714"},
{"id":11,"first_name":"Velvet","last_name":"Maynell","email":"vmaynella@omniture.com","date_of_birth":"2021-06-18T06:57:58Z","age":23,"country":"Egypt","phone":"575-266-9905"},
{"id":12,"first_name":"Yale","last_name":"Briar","email":"ybriarb@creativecommons.org","date_of_birth":"2012-05-06T03:03:38Z","age":45,"country":"Indonesia","phone":"636-714-9001"},
{"id":13,"first_name":"Chiarra","last_name":"Suddock","email":"csuddockc@g.co","date_of_birth":"1971-07-23T13:06:47Z","age":20,"country":"Sweden","phone":"660-664-3881"},
{"id":14,"first_name":"Birch","last_name":"Georgeot","email":"bgeorgeotd@tumblr.com","date_of_birth":"2011-05-25T18:33:01Z","age":27,"country":"Yemen","phone":"510-810-0677"},
{"id":15,"first_name":"Emera","last_name":"Otham","email":"eothame@uiuc.edu","date_of_birth":"1973-01-24T17:29:38Z","age":35,"country":"Kazakhstan","phone":"510-198-4812"},
{"id":16,"first_name":"Mariejeanne","last_name":"Ell","email":"mellf@woothemes.com","date_of_birth":"2007-01-27T12:12:27Z","age":26,"country":"El Salvador","phone":"413-645-8184"},
{"id":17,"first_name":"Byrle","last_name":"Charlwood","email":"bcharlwoodg@feedburner.com","date_of_birth":"1982-05-18T19:10:53Z","age":50,"country":"Iraq","phone":"652-480-4573"},
{"id":18,"first_name":"Rosalind","last_name":"Remington","email":"rremingtonh@cloudflare.com","date_of_birth":"1995-08-07T09:34:43Z","age":56,"country":"Indonesia","phone":"987-899-9007"},
{"id":19,"first_name":"Darryl","last_name":"Libri","email":"dlibrii@drupal.org","date_of_birth":"2019-06-26T06:59:20Z","age":57,"country":"China","phone":"977-438-2154"},
{"id":20,"first_name":"Laurie","last_name":"Jeste","email":"ljestej@forbes.com","date_of_birth":"1983-04-02T02:49:59Z","age":34,"country":"Sweden","phone":"879-268-8823"},
{"id":21,"first_name":"Gusty","last_name":"Sealove","email":"gsealovek@issuu.com","date_of_birth":"2008-05-04T14:55:00Z","age":52,"country":"Philippines","phone":"509-705-4966"},
{"id":22,"first_name":"Prudence","last_name":"Dibsdale","email":"pdibsdalel@mtv.com","date_of_birth":"1990-10-11T12:46:53Z","age":27,"country":"Ukraine","phone":"833-294-1192"},
{"id":23,"first_name":"Inez","last_name":"Thomassin","email":"ithomassinm@mlb.com","date_of_birth":"1993-01-11T08:23:20Z","age":34,"country":"China","phone":"714-808-6290"},
{"id":24,"first_name":"Alvy","last_name":"Haack","email":"ahaackn@unesco.org","date_of_birth":"1996-03-09T11:54:03Z","age":55,"country":"Ukraine","phone":"731-343-2153"},
{"id":25,"first_name":"Padraic","last_name":"Gask","email":"pgasko@ihg.com","date_of_birth":"1985-04-09T08:59:29Z","age":22,"country":"South Africa","phone":"812-651-4842"},
{"id":26,"first_name":"Perle","last_name":"Wilcott","email":"pwilcottp@goo.ne.jp","date_of_birth":"1987-09-25T09:34:33Z","age":27,"country":"Nigeria","phone":"247-574-4684"},
{"id":27,"first_name":"Brittan","last_name":"Harsent","email":"bharsentq@flavors.me","date_of_birth":"2017-07-11T11:39:24Z","age":25,"country":"Sweden","phone":"758-476-2937"},
{"id":28,"first_name":"Barr","last_name":"Cosham","email":"bcoshamr@slashdot.org","date_of_birth":"1991-02-16T13:10:12Z","age":18,"country":"Russia","phone":"727-971-3026"},
{"id":29,"first_name":"Mitzi","last_name":"Rigts","email":"mrigtss@reference.com","date_of_birth":"2007-03-25T13:53:53Z","age":32,"country":"China","phone":"951-312-4198"},
{"id":30,"first_name":"Sheelagh","last_name":"Crowley","email":"scrowleyt@google.com.br","date_of_birth":"2011-08-01T05:33:24Z","age":22,"country":"Canada","phone":"767-654-5120"},
{"id":31,"first_name":"Corri","last_name":"Itzkin","email":"citzkinu@amazon.de","date_of_birth":"1995-01-02T19:53:59Z","age":25,"country":"China","phone":"501-362-7952"},
{"id":32,"first_name":"Farris","last_name":"Haines","email":"fhainesv@ocn.ne.jp","date_of_birth":"1970-05-14T12:48:16Z","age":25,"country":"Poland","phone":"189-605-5279"},
{"id":33,"first_name":"Antin","last_name":"Hayter","email":"ahayterw@ovh.net","date_of_birth":"1976-06-20T16:55:28Z","age":36,"country":"Portugal","phone":"682-441-0930"},
{"id":34,"first_name":"Lauritz","last_name":"Curragh","email":"lcurraghx@redcross.org","date_of_birth":"1990-04-14T02:05:35Z","age":46,"country":"Indonesia","phone":"821-334-1102"},
{"id":35,"first_name":"Vinny","last_name":"Kinloch","email":"vkinlochy@biglobe.ne.jp","date_of_birth":"1978-10-22T11:15:34Z","age":44,"country":"Italy","phone":"960-471-1461"},
{"id":36,"first_name":"Simon","last_name":"Hale","email":"shalez@businesswire.com","date_of_birth":"2020-10-05T01:21:15Z","age":52,"country":"Mexico","phone":"846-392-7911"},
{"id":37,"first_name":"Vernon","last_name":"Espadate","email":"vespadate10@mlb.com","date_of_birth":"2009-05-23T15:54:07Z","age":47,"country":"China","phone":"846-591-4423"},
{"id":38,"first_name":"Akim","last_name":"Gifkins","email":"agifkins11@dagondesign.com","date_of_birth":"1984-12-04T16:50:15Z","age":56,"country":"Tajikistan","phone":"213-813-6522"},
{"id":39,"first_name":"Danny","last_name":"MacGille","email":"dmacgille12@desdev.cn","date_of_birth":"1993-09-12T07:34:26Z","age":31,"country":"China","phone":"722-425-6011"},
{"id":40,"first_name":"Ximenez","last_name":"Gabits","email":"xgabits13@foxnews.com","date_of_birth":"1972-01-31T21:32:27Z","age":48,"country":"Brazil","phone":"303-180-9240"},
{"id":41,"first_name":"Frazer","last_name":"Gieves","email":"fgieves14@google.com.hk","date_of_birth":"2009-08-03T15:17:35Z","age":20,"country":"Russia","phone":"771-482-9960"},
{"id":42,"first_name":"Silvio","last_name":"Blankhorn","email":"sblankhorn15@sourceforge.net","date_of_birth":"2016-12-26T21:48:08Z","age":18,"country":"Mexico","phone":"573-211-7949"},
{"id":43,"first_name":"Drucie","last_name":"Kirkman","email":"dkirkman16@discuz.net","date_of_birth":"1995-08-01T07:49:53Z","age":51,"country":"China","phone":"503-913-4715"},
{"id":44,"first_name":"Mirabel","last_name":"Cawdery","email":"mcawdery17@paginegialle.it","date_of_birth":"1981-12-31T10:52:43Z","age":42,"country":"China","phone":"502-380-9076"},
{"id":45,"first_name":"Daphna","last_name":"Sallans","email":"dsallans18@clickbank.net","date_of_birth":"1981-10-10T01:46:37Z","age":58,"country":"France","phone":"537-934-1552"},
{"id":46,"first_name":"Cathi","last_name":"Caroll","email":"ccaroll19@businessweek.com","date_of_birth":"1988-03-22T06:24:07Z","age":45,"country":"Hungary","phone":"407-145-7783"},
{"id":47,"first_name":"Hubey","last_name":"Ranfield","email":"hranfield1a@nih.gov","date_of_birth":"1999-09-01T02:00:01Z","age":55,"country":"Guatemala","phone":"286-484-6972"},
{"id":48,"first_name":"Jed","last_name":"Elam","email":"jelam1b@cmu.edu","date_of_birth":"2008-09-02T09:47:21Z","age":56,"country":"France","phone":"982-156-7950"},
{"id":49,"first_name":"Isidore","last_name":"Pundy","email":"ipundy1c@uiuc.edu","date_of_birth":"2021-10-13T07:30:21Z","age":36,"country":"Thailand","phone":"704-961-2650"},
{"id":50,"first_name":"Amory","last_name":"Sundin","email":"asundin1d@statcounter.com","date_of_birth":"1989-08-08T01:57:04Z","age":30,"country":"Indonesia","phone":"154-906-1121"},
{"id":51,"first_name":"Ebba","last_name":"Creenan","email":"ecreenan1e@edublogs.org","date_of_birth":"2018-11-16T18:18:51Z","age":33,"country":"France","phone":"500-591-4274"},
{"id":52,"first_name":"Kerwin","last_name":"Darkin","email":"kdarkin1f@scribd.com","date_of_birth":"1979-05-16T14:23:21Z","age":23,"country":"Brazil","phone":"632-767-4313"},
{"id":53,"first_name":"Ulrikaumeko","last_name":"Vlasenkov","email":"uvlasenkov1g@apple.com","date_of_birth":"2011-11-24T05:53:42Z","age":26,"country":"Ecuador","phone":"888-128-2262"},
{"id":54,"first_name":"Pepita","last_name":"Fearne","email":"pfearne1h@weebly.com","date_of_birth":"2005-11-29T09:43:53Z","age":54,"country":"China","phone":"569-458-1754"},
{"id":55,"first_name":"Terence","last_name":"Nevett","email":"tnevett1i@ucsd.edu","date_of_birth":"2007-04-05T10:43:27Z","age":54,"country":"Brazil","phone":"543-702-0559"},
{"id":56,"first_name":"Frieda","last_name":"Veck","email":"fveck1j@independent.co.uk","date_of_birth":"1972-12-31T06:33:31Z","age":57,"country":"Portugal","phone":"260-630-1236"},
{"id":57,"first_name":"Isiahi","last_name":"Godlonton","email":"igodlonton1k@twitpic.com","date_of_birth":"2020-03-20T02:10:12Z","age":50,"country":"Syria","phone":"402-416-6222"},
{"id":58,"first_name":"Jake","last_name":"Poff","email":"jpoff1l@techcrunch.com","date_of_birth":"2005-03-26T06:11:02Z","age":45,"country":"Tanzania","phone":"429-852-4598"},
{"id":59,"first_name":"Darsie","last_name":"McElhargy","email":"dmcelhargy1m@symantec.com","date_of_birth":"2002-06-02T16:04:36Z","age":39,"country":"Nigeria","phone":"307-187-9111"},
{"id":60,"first_name":"Sandro","last_name":"Whalebelly","email":"swhalebelly1n@google.com.au","date_of_birth":"1996-02-11T20:50:05Z","age":33,"country":"Finland","phone":"594-998-9703"},
{"id":61,"first_name":"Janet","last_name":"O'Lenane","email":"jolenane1o@netvibes.com","date_of_birth":"2007-04-06T10:35:58Z","age":56,"country":"China","phone":"219-934-8117"},
{"id":62,"first_name":"Carita","last_name":"Secretan","email":"csecretan1p@storify.com","date_of_birth":"1995-04-17T00:49:22Z","age":44,"country":"Vietnam","phone":"487-410-0843"},
{"id":63,"first_name":"Ring","last_name":"Boys","email":"rboys1q@mayoclinic.com","date_of_birth":"2009-04-18T05:20:28Z","age":28,"country":"Indonesia","phone":"704-982-8213"},
{"id":64,"first_name":"Janine","last_name":"Elph","email":"jelph1r@shareasale.com","date_of_birth":"1996-02-04T16:09:01Z","age":19,"country":"Colombia","phone":"209-295-9737"},
{"id":65,"first_name":"Bethina","last_name":"Bocock","email":"bbocock1s@chronoengine.com","date_of_birth":"2010-03-06T05:46:43Z","age":31,"country":"Indonesia","phone":"711-392-1334"},
{"id":66,"first_name":"Alphonse","last_name":"Buffin","email":"abuffin1t@springer.com","date_of_birth":"2019-06-04T11:14:11Z","age":46,"country":"France","phone":"595-876-1592"},
{"id":67,"first_name":"Lisha","last_name":"Haslegrave","email":"lhaslegrave1u@printfriendly.com","date_of_birth":"1991-01-29T23:48:37Z","age":30,"country":"Nigeria","phone":"843-205-8393"},
{"id":68,"first_name":"Huberto","last_name":"Finlan","email":"hfinlan1v@gmpg.org","date_of_birth":"2019-02-24T03:35:54Z","age":25,"country":"Afghanistan","phone":"516-994-4338"},
{"id":69,"first_name":"Micky","last_name":"Lammert","email":"mlammert1w@sfgate.com","date_of_birth":"1988-08-23T00:04:15Z","age":31,"country":"Russia","phone":"799-250-2571"},
{"id":70,"first_name":"Chantal","last_name":"Fer","email":"cfer1x@ibm.com","date_of_birth":"1991-01-16T03:05:06Z","age":57,"country":"Liechtenstein","phone":"762-599-9733"},
{"id":71,"first_name":"Tris","last_name":"De Gregorio","email":"tdegregorio1y@dailymail.co.uk","date_of_birth":"2012-09-26T04:40:19Z","age":56,"country":"Sweden","phone":"545-823-3606"},
{"id":72,"first_name":"Iris","last_name":"Clausner","email":"iclausner1z@patch.com","date_of_birth":"2012-02-10T03:45:32Z","age":44,"country":"Czech Republic","phone":"647-190-8664"},
{"id":73,"first_name":"Jada","last_name":"Strowan","email":"jstrowan20@vimeo.com","date_of_birth":"1981-10-03T19:49:59Z","age":57,"country":"Russia","phone":"696-994-0702"},
{"id":74,"first_name":"Yancey","last_name":"Dunderdale","email":"ydunderdale21@patch.com","date_of_birth":"2020-08-16T05:05:18Z","age":35,"country":"Indonesia","phone":"700-472-6263"},
{"id":75,"first_name":"Raoul","last_name":"Bridywater","email":"rbridywater22@ucoz.com","date_of_birth":"1984-06-08T19:46:58Z","age":21,"country":"Portugal","phone":"985-959-8618"},
{"id":76,"first_name":"Hedvige","last_name":"Smorthit","email":"hsmorthit23@wired.com","date_of_birth":"2016-10-17T22:56:04Z","age":27,"country":"Armenia","phone":"302-258-3487"},
{"id":77,"first_name":"Malory","last_name":"Phelip","email":"mphelip24@illinois.edu","date_of_birth":"1999-05-21T23:04:31Z","age":50,"country":"China","phone":"510-977-4589"},
{"id":78,"first_name":"Tildy","last_name":"Akers","email":"takers25@psu.edu","date_of_birth":"2011-05-24T08:49:48Z","age":46,"country":"Sweden","phone":"955-146-5440"},
{"id":79,"first_name":"Roz","last_name":"Higgonet","email":"rhiggonet26@gmpg.org","date_of_birth":"1975-09-21T04:58:12Z","age":46,"country":"Chile","phone":"853-403-1842"},
{"id":80,"first_name":"Jeffie","last_name":"Torbeck","email":"jtorbeck27@state.gov","date_of_birth":"1974-09-16T03:37:28Z","age":48,"country":"Brazil","phone":"219-600-5011"},
{"id":81,"first_name":"Averell","last_name":"Tolchard","email":"atolchard28@tinypic.com","date_of_birth":"2009-10-02T22:33:29Z","age":23,"country":"Mexico","phone":"599-967-9793"},
{"id":82,"first_name":"Gasper","last_name":"Standeven","email":"gstandeven29@wordpress.org","date_of_birth":"2007-05-30T14:53:32Z","age":51,"country":"Russia","phone":"728-343-0884"},
{"id":83,"first_name":"Darsey","last_name":"McClay","email":"dmcclay2a@wunderground.com","date_of_birth":"1973-07-30T21:24:58Z","age":25,"country":"China","phone":"202-226-9920"},
{"id":84,"first_name":"Inga","last_name":"Tiuit","email":"itiuit2b@aboutads.info","date_of_birth":"1999-12-29T18:54:32Z","age":33,"country":"Indonesia","phone":"288-964-1891"},
{"id":85,"first_name":"Cecilia","last_name":"Borgesio","email":"cborgesio2c@bing.com","date_of_birth":"1988-11-10T08:11:55Z","age":20,"country":"Niger","phone":"684-333-9529"},
{"id":86,"first_name":"Faythe","last_name":"Cogman","email":"fcogman2d@scribd.com","date_of_birth":"2020-11-26T07:35:56Z","age":48,"country":"Nigeria","phone":"291-499-8598"},
{"id":87,"first_name":"Mathian","last_name":"Cotherill","email":"mcotherill2e@house.gov","date_of_birth":"1996-07-19T22:40:50Z","age":37,"country":"Slovenia","phone":"741-890-6110"},
{"id":88,"first_name":"Jimmie","last_name":"Hemmingway","email":"jhemmingway2f@stumbleupon.com","date_of_birth":"2014-06-23T09:52:22Z","age":23,"country":"Indonesia","phone":"386-373-5538"},
{"id":89,"first_name":"Natka","last_name":"Mulhall","email":"nmulhall2g@hud.gov","date_of_birth":"1972-07-14T19:16:28Z","age":23,"country":"Madagascar","phone":"553-768-5529"},
{"id":90,"first_name":"Tandi","last_name":"Balazs","email":"tbalazs2h@youtube.com","date_of_birth":"2011-06-28T08:25:22Z","age":41,"country":"Indonesia","phone":"888-939-4158"},
{"id":91,"first_name":"Audra","last_name":"Stollwerck","email":"astollwerck2i@home.pl","date_of_birth":"1973-04-29T08:49:30Z","age":51,"country":"Russia","phone":"191-175-2196"},
{"id":92,"first_name":"Bertie","last_name":"Josupeit","email":"bjosupeit2j@multiply.com","date_of_birth":"1971-10-02T17:07:17Z","age":18,"country":"Argentina","phone":"182-661-3999"},
{"id":93,"first_name":"Delaney","last_name":"Dust","email":"ddust2k@hhs.gov","date_of_birth":"1991-04-25T14:35:56Z","age":48,"country":"Indonesia","phone":"418-130-0557"},
{"id":94,"first_name":"Taite","last_name":"Seefeldt","email":"tseefeldt2l@privacy.gov.au","date_of_birth":"2003-04-05T09:10:20Z","age":26,"country":"Czech Republic","phone":"283-168-8324"},
{"id":95,"first_name":"Veradis","last_name":"Kacheler","email":"vkacheler2m@hp.com","date_of_birth":"2007-01-22T22:08:56Z","age":48,"country":"Poland","phone":"781-565-0093"},
{"id":96,"first_name":"Maurizio","last_name":"Bourgaize","email":"mbourgaize2n@joomla.org","date_of_birth":"1974-12-11T18:25:15Z","age":41,"country":"Dominican Republic","phone":"654-197-9443"},
{"id":97,"first_name":"Kory","last_name":"Maslin","email":"kmaslin2o@msu.edu","date_of_birth":"1978-11-27T00:02:35Z","age":35,"country":"France","phone":"219-838-4773"},
{"id":98,"first_name":"Woodie","last_name":"Prudence","email":"wprudence2p@kickstarter.com","date_of_birth":"1994-11-14T20:39:33Z","age":34,"country":"Indonesia","phone":"709-615-2755"},
{"id":99,"first_name":"Fidelia","last_name":"Caldroni","email":"fcaldroni2q@liveinternet.ru","date_of_birth":"1977-05-14T13:01:41Z","age":18,"country":"Brazil","phone":"410-525-4710"},
{"id":100,"first_name":"Annie","last_name":"Ingliby","email":"aingliby2r@flickr.com","date_of_birth":"1975-12-12T18:46:14Z","age":29,"country":"Bangladesh","phone":"105-378-5475"},
{"id":101,"first_name":"Mignon","last_name":"Calvert","email":"mcalvert2s@state.gov","date_of_birth":"2019-05-14T16:10:43Z","age":56,"country":"Malaysia","phone":"917-895-5625"},
{"id":102,"first_name":"Cristiano","last_name":"Eastlake","email":"ceastlake2t@surveymonkey.com","date_of_birth":"1993-12-06T14:46:40Z","age":40,"country":"Indonesia","phone":"947-841-1796"},
{"id":103,"first_name":"Enriqueta","last_name":"Losseljong","email":"elosseljong2u@oracle.com","date_of_birth":"1984-07-04T14:46:48Z","age":37,"country":"China","phone":"343-653-1828"},
{"id":104,"first_name":"Arturo","last_name":"Baythrop","email":"abaythrop2v@economist.com","date_of_birth":"1986-02-26T11:30:06Z","age":27,"country":"China","phone":"966-568-1467"},
{"id":105,"first_name":"Melamie","last_name":"Gilder","email":"mgilder2w@hatena.ne.jp","date_of_birth":"1996-01-24T09:10:19Z","age":43,"country":"Myanmar","phone":"292-925-8851"},
{"id":106,"first_name":"Debee","last_name":"Vial","email":"dvial2x@engadget.com","date_of_birth":"1974-07-05T18:50:53Z","age":19,"country":"France","phone":"973-802-3785"},
{"id":107,"first_name":"Sayre","last_name":"Gerrard","email":"sgerrard2y@example.com","date_of_birth":"2016-11-26T01:59:27Z","age":54,"country":"Burkina Faso","phone":"381-829-1983"},
{"id":108,"first_name":"Petunia","last_name":"Belloch","email":"pbelloch2z@qq.com","date_of_birth":"2000-10-12T15:27:43Z","age":19,"country":"China","phone":"638-584-4348"},
{"id":109,"first_name":"Eugenius","last_name":"Vandenhoff","email":"evandenhoff30@craigslist.org","date_of_birth":"2012-03-28T06:41:21Z","age":19,"country":"China","phone":"747-186-8848"},
{"id":110,"first_name":"Rachael","last_name":"Lorryman","email":"rlorryman31@youtube.com","date_of_birth":"2014-10-06T14:02:32Z","age":47,"country":"Poland","phone":"258-881-8229"},
{"id":111,"first_name":"Bordy","last_name":"Silbermann","email":"bsilbermann32@unblog.fr","date_of_birth":"1998-08-13T19:34:19Z","age":58,"country":"China","phone":"883-985-6980"},
{"id":112,"first_name":"Aida","last_name":"Normant","email":"anormant33@live.com","date_of_birth":"1980-10-11T08:07:38Z","age":48,"country":"Netherlands","phone":"414-756-7192"},
{"id":113,"first_name":"Caldwell","last_name":"Elson","email":"celson34@jalbum.net","date_of_birth":"2013-11-02T02:41:13Z","age":40,"country":"Kazakhstan","phone":"830-102-6742"},
{"id":114,"first_name":"Tera","last_name":"Pressdee","email":"tpressdee35@usa.gov","date_of_birth":"1976-07-29T16:47:10Z","age":56,"country":"Poland","phone":"249-489-0854"},
{"id":115,"first_name":"Bette","last_name":"Nand","email":"bnand36@wikispaces.com","date_of_birth":"1974-01-22T11:17:10Z","age":27,"country":"Indonesia","phone":"104-283-3663"},
{"id":116,"first_name":"Mignonne","last_name":"Frankling","email":"mfrankling37@engadget.com","date_of_birth":"2007-03-23T07:45:01Z","age":53,"country":"China","phone":"611-919-9669"},
{"id":117,"first_name":"Truda","last_name":"Argue","email":"targue38@hud.gov","date_of_birth":"2007-03-17T20:17:02Z","age":34,"country":"China","phone":"476-333-9257"},
{"id":118,"first_name":"Norene","last_name":"Cyster","email":"ncyster39@webmd.com","date_of_birth":"1997-07-22T19:13:10Z","age":57,"country":"France","phone":"939-125-3058"},
{"id":119,"first_name":"Gonzales","last_name":"Sibille","email":"gsibille3a@uol.com.br","date_of_birth":"2003-12-05T22:30:47Z","age":35,"country":"Cambodia","phone":"108-211-6900"},
{"id":120,"first_name":"Rosa","last_name":"McHan","email":"rmchan3b@delicious.com","date_of_birth":"1974-12-11T08:57:38Z","age":34,"country":"China","phone":"464-399-9645"},
{"id":121,"first_name":"Minnie","last_name":"Sissel","email":"msissel3c@networkadvertising.org","date_of_birth":"1996-11-04T13:14:08Z","age":29,"country":"China","phone":"927-510-5008"},
{"id":122,"first_name":"Esdras","last_name":"Standley","email":"estandley3d@nydailynews.com","date_of_birth":"1999-12-27T00:11:30Z","age":50,"country":"China","phone":"150-616-6971"},
{"id":123,"first_name":"Steward","last_name":"Gidley","email":"sgidley3e@barnesandnoble.com","date_of_birth":"1999-06-02T07:30:34Z","age":42,"country":"Philippines","phone":"553-266-2170"},
{"id":124,"first_name":"Ericha","last_name":"Obispo","email":"eobispo3f@123-reg.co.uk","date_of_birth":"1979-09-08T23:50:14Z","age":29,"country":"Indonesia","phone":"953-415-3872"},
{"id":125,"first_name":"Amabelle","last_name":"Sunley","email":"asunley3g@nps.gov","date_of_birth":"2006-04-10T12:38:41Z","age":38,"country":"Indonesia","phone":"566-859-4632"},
{"id":126,"first_name":"Klemens","last_name":"Pretley","email":"kpretley3h@elpais.com","date_of_birth":"2007-10-19T23:38:18Z","age":47,"country":"Greece","phone":"239-170-2023"},
{"id":127,"first_name":"Bob","last_name":"Rableau","email":"brableau3i@alexa.com","date_of_birth":"1981-06-01T02:11:56Z","age":49,"country":"Portugal","phone":"866-641-3816"},
{"id":128,"first_name":"Bastian","last_name":"Chable","email":"bchable3j@delicious.com","date_of_birth":"1986-04-01T04:27:07Z","age":39,"country":"China","phone":"314-996-5693"},
{"id":129,"first_name":"Wiley","last_name":"MacPaike","email":"wmacpaike3k@xinhuanet.com","date_of_birth":"2012-05-06T16:09:53Z","age":49,"country":"China","phone":"509-442-2319"},
{"id":130,"first_name":"Lynde","last_name":"Dionisetto","email":"ldionisetto3l@princeton.edu","date_of_birth":"1972-04-27T22:05:02Z","age":46,"country":"China","phone":"313-828-0301"},
{"id":131,"first_name":"Dottie","last_name":"Lejeune","email":"dlejeune3m@sourceforge.net","date_of_birth":"2010-07-14T09:22:53Z","age":42,"country":"Russia","phone":"309-368-5688"},
{"id":132,"first_name":"Carmelle","last_name":"Woodberry","email":"cwoodberry3n@blog.com","date_of_birth":"1994-01-10T01:33:39Z","age":55,"country":"Czech Republic","phone":"487-485-4501"},
{"id":133,"first_name":"Sophie","last_name":"Witheridge","email":"switheridge3o@people.com.cn","date_of_birth":"1992-04-29T09:54:02Z","age":19,"country":"Portugal","phone":"691-854-7646"},
{"id":134,"first_name":"Stern","last_name":"Leach","email":"sleach3p@aol.com","date_of_birth":"1997-12-06T11:41:27Z","age":24,"country":"Indonesia","phone":"726-730-3807"},
{"id":135,"first_name":"Alley","last_name":"Tatershall","email":"atatershall3q@barnesandnoble.com","date_of_birth":"2018-07-22T19:43:47Z","age":41,"country":"France","phone":"250-361-0815"},
{"id":136,"first_name":"Garfield","last_name":"Consterdine","email":"gconsterdine3r@i2i.jp","date_of_birth":"2020-10-01T09:09:42Z","age":34,"country":"China","phone":"912-137-1271"},
{"id":137,"first_name":"Charlie","last_name":"Cuseick","email":"ccuseick3s@sakura.ne.jp","date_of_birth":"2021-02-22T04:43:26Z","age":56,"country":"Burkina Faso","phone":"679-549-5972"},
{"id":138,"first_name":"Dianne","last_name":"Oldcote","email":"doldcote3t@buzzfeed.com","date_of_birth":"1998-01-31T12:43:03Z","age":35,"country":"Indonesia","phone":"513-618-0937"},
{"id":139,"first_name":"Brier","last_name":"Windsor","email":"bwindsor3u@cafepress.com","date_of_birth":"2013-02-20T22:37:52Z","age":52,"country":"China","phone":"222-412-2315"},
{"id":140,"first_name":"Aldon","last_name":"Viccary","email":"aviccary3v@uiuc.edu","date_of_birth":"2013-02-07T10:02:30Z","age":33,"country":"Central African Republic","phone":"694-181-8121"},
{"id":141,"first_name":"Hugo","last_name":"Cardow","email":"hcardow3w@opera.com","date_of_birth":"2013-01-02T09:17:55Z","age":49,"country":"Belarus","phone":"213-325-8068"},
{"id":142,"first_name":"Tressa","last_name":"Assinder","email":"tassinder3x@issuu.com","date_of_birth":"2018-09-04T21:25:54Z","age":44,"country":"France","phone":"644-330-9022"},
{"id":143,"first_name":"Max","last_name":"Dizlie","email":"mdizlie3y@meetup.com","date_of_birth":"2020-08-26T08:04:12Z","age":40,"country":"Greece","phone":"238-653-6581"},
{"id":144,"first_name":"Kinnie","last_name":"Laudham","email":"klaudham3z@a8.net","date_of_birth":"1995-12-31T17:33:00Z","age":52,"country":"China","phone":"179-124-7999"},
{"id":145,"first_name":"Alayne","last_name":"Lohering","email":"alohering40@shareasale.com","date_of_birth":"1975-02-21T21:14:12Z","age":41,"country":"China","phone":"923-269-6318"},
{"id":146,"first_name":"Cy","last_name":"Oseman","email":"coseman41@meetup.com","date_of_birth":"2001-01-25T16:10:38Z","age":31,"country":"Argentina","phone":"484-763-3380"},
{"id":147,"first_name":"Tremaine","last_name":"Lapslie","email":"tlapslie42@addtoany.com","date_of_birth":"2018-02-10T08:20:10Z","age":31,"country":"Russia","phone":"629-174-2768"},
{"id":148,"first_name":"Erik","last_name":"Godsell","email":"egodsell43@arizona.edu","date_of_birth":"1971-01-02T12:44:05Z","age":48,"country":"Russia","phone":"218-420-1031"},
{"id":149,"first_name":"Oliver","last_name":"Branchett","email":"obranchett44@nbcnews.com","date_of_birth":"1982-08-28T18:43:01Z","age":35,"country":"Indonesia","phone":"350-960-3392"},
{"id":150,"first_name":"Turner","last_name":"Shoulders","email":"tshoulders45@unicef.org","date_of_birth":"1995-08-31T05:42:51Z","age":20,"country":"China","phone":"884-827-3398"},
{"id":151,"first_name":"Brynna","last_name":"Franzonetti","email":"bfranzonetti46@statcounter.com","date_of_birth":"2001-02-14T09:18:37Z","age":42,"country":"Japan","phone":"697-604-8143"},
{"id":152,"first_name":"Asa","last_name":"Fullalove","email":"afullalove47@yolasite.com","date_of_birth":"1987-04-18T04:18:13Z","age":36,"country":"China","phone":"888-990-4110"},
{"id":153,"first_name":"Donnamarie","last_name":"Krook","email":"dkrook48@themeforest.net","date_of_birth":"1972-03-07T00:34:33Z","age":54,"country":"Brazil","phone":"437-314-9445"},
{"id":154,"first_name":"Townsend","last_name":"Normadell","email":"tnormadell49@ox.ac.uk","date_of_birth":"1991-05-25T11:42:15Z","age":31,"country":"China","phone":"271-599-4080"},
{"id":155,"first_name":"Toby","last_name":"Garie","email":"tgarie4a@whitehouse.gov","date_of_birth":"2009-05-04T17:34:02Z","age":48,"country":"Pakistan","phone":"694-489-3600"},
{"id":156,"first_name":"Tannie","last_name":"MacAllister","email":"tmacallister4b@baidu.com","date_of_birth":"2018-12-09T21:50:40Z","age":45,"country":"China","phone":"278-624-5821"},
{"id":157,"first_name":"Webster","last_name":"Champion","email":"wchampion4c@lycos.com","date_of_birth":"2012-10-15T02:50:41Z","age":55,"country":"Azerbaijan","phone":"522-101-2335"},
{"id":158,"first_name":"Lory","last_name":"Filpo","email":"lfilpo4d@amazon.de","date_of_birth":"2017-12-18T01:17:37Z","age":30,"country":"Indonesia","phone":"564-519-1456"},
{"id":159,"first_name":"Sashenka","last_name":"Kovelmann","email":"skovelmann4e@people.com.cn","date_of_birth":"2013-06-30T21:53:56Z","age":31,"country":"Sweden","phone":"193-315-5906"},
{"id":160,"first_name":"Sidonia","last_name":"Bowra","email":"sbowra4f@hao123.com","date_of_birth":"2007-05-03T12:43:15Z","age":50,"country":"Greece","phone":"934-910-8946"},
{"id":161,"first_name":"Shannan","last_name":"Ioannidis","email":"sioannidis4g@theglobeandmail.com","date_of_birth":"2017-08-23T03:05:59Z","age":46,"country":"United States","phone":"502-834-4709"},
{"id":162,"first_name":"Nowell","last_name":"Stadding","email":"nstadding4h@goo.ne.jp","date_of_birth":"1979-10-23T02:02:10Z","age":22,"country":"Vietnam","phone":"308-364-9744"},
{"id":163,"first_name":"Godiva","last_name":"Matityahu","email":"gmatityahu4i@umn.edu","date_of_birth":"1974-03-17T22:29:25Z","age":49,"country":"Portugal","phone":"647-603-7975"},
{"id":164,"first_name":"Nonah","last_name":"Elgram","email":"nelgram4j@amazon.co.jp","date_of_birth":"1998-11-01T05:36:07Z","age":40,"country":"Vietnam","phone":"247-570-3842"},
{"id":165,"first_name":"Gav","last_name":"Redihough","email":"gredihough4k@ted.com","date_of_birth":"1988-01-01T15:09:06Z","age":20,"country":"Albania","phone":"483-572-6152"},
{"id":166,"first_name":"Alysia","last_name":"Emer","email":"aemer4l@taobao.com","date_of_birth":"2012-03-30T04:04:34Z","age":55,"country":"Bulgaria","phone":"754-878-6720"},
{"id":167,"first_name":"Corilla","last_name":"Deignan","email":"cdeignan4m@princeton.edu","date_of_birth":"1979-09-28T01:03:08Z","age":18,"country":"France","phone":"753-822-2720"},
{"id":168,"first_name":"Susanna","last_name":"Aven","email":"saven4n@ow.ly","date_of_birth":"2004-07-22T23:07:48Z","age":58,"country":"Indonesia","phone":"350-512-3378"},
{"id":169,"first_name":"Rolando","last_name":"Herrero","email":"rherrero4o@zimbio.com","date_of_birth":"1985-03-16T18:20:33Z","age":31,"country":"Portugal","phone":"207-776-7247"},
{"id":170,"first_name":"Harcourt","last_name":"MacQuaker","email":"hmacquaker4p@bloglovin.com","date_of_birth":"2019-02-15T02:37:52Z","age":55,"country":"China","phone":"243-628-5259"},
{"id":171,"first_name":"Marvin","last_name":"Arnaldo","email":"marnaldo4q@bloomberg.com","date_of_birth":"2008-11-05T13:00:22Z","age":20,"country":"China","phone":"867-114-3355"},
{"id":172,"first_name":"Vaclav","last_name":"Rupprecht","email":"vrupprecht4r@cam.ac.uk","date_of_birth":"1974-08-23T21:30:01Z","age":51,"country":"Indonesia","phone":"107-899-6916"},
{"id":173,"first_name":"Constantina","last_name":"Berard","email":"cberard4s@jigsy.com","date_of_birth":"2000-01-19T08:54:32Z","age":51,"country":"Philippines","phone":"481-606-2502"},
{"id":174,"first_name":"Jerald","last_name":"Pafford","email":"jpafford4t@aboutads.info","date_of_birth":"1980-01-15T13:03:25Z","age":53,"country":"China","phone":"828-556-6220"},
{"id":175,"first_name":"Berke","last_name":"Heyworth","email":"bheyworth4u@google.fr","date_of_birth":"1977-11-17T05:38:49Z","age":34,"country":"Colombia","phone":"732-462-3023"},
{"id":176,"first_name":"Ethan","last_name":"Basden","email":"ebasden4v@buzzfeed.com","date_of_birth":"2013-08-22T16:42:26Z","age":18,"country":"China","phone":"122-319-6760"},
{"id":177,"first_name":"Ermina","last_name":"Brumhead","email":"ebrumhead4w@is.gd","date_of_birth":"2000-02-15T14:43:49Z","age":35,"country":"Russia","phone":"516-536-8107"},
{"id":178,"first_name":"Quintus","last_name":"Fydoe","email":"qfydoe4x@cisco.com","date_of_birth":"1995-04-14T08:51:49Z","age":34,"country":"Ireland","phone":"686-404-2825"},
{"id":179,"first_name":"Kerr","last_name":"Rabbatts","email":"krabbatts4y@npr.org","date_of_birth":"1979-05-30T23:25:00Z","age":50,"country":"Russia","phone":"865-627-8940"},
{"id":180,"first_name":"Devy","last_name":"Greenlees","email":"dgreenlees4z@tiny.cc","date_of_birth":"1972-07-01T12:38:04Z","age":40,"country":"Brazil","phone":"437-686-7708"},
{"id":181,"first_name":"Broddie","last_name":"Drake","email":"bdrake50@cdbaby.com","date_of_birth":"1988-09-13T12:08:03Z","age":24,"country":"Brazil","phone":"281-559-4051"},
{"id":182,"first_name":"Anestassia","last_name":"Pinks","email":"apinks51@alexa.com","date_of_birth":"2016-10-11T07:05:21Z","age":27,"country":"Indonesia","phone":"126-727-4548"},
{"id":183,"first_name":"Vic","last_name":"Apfler","email":"vapfler52@unc.edu","date_of_birth":"2001-08-16T01:48:12Z","age":55,"country":"Indonesia","phone":"425-739-7395"},
{"id":184,"first_name":"Warner","last_name":"Shade","email":"wshade53@webeden.co.uk","date_of_birth":"1994-02-13T17:04:35Z","age":55,"country":"Portugal","phone":"454-319-2435"},
{"id":185,"first_name":"Rory","last_name":"Pleasaunce","email":"rpleasaunce54@bloglines.com","date_of_birth":"2018-08-16T13:19:39Z","age":21,"country":"Poland","phone":"600-757-2460"},
{"id":186,"first_name":"Rebeka","last_name":"Buttrick","email":"rbuttrick55@mtv.com","date_of_birth":"1977-12-21T06:31:50Z","age":45,"country":"China","phone":"913-810-4778"},
{"id":187,"first_name":"Eddy","last_name":"Barensky","email":"ebarensky56@mit.edu","date_of_birth":"1972-07-14T05:34:09Z","age":35,"country":"Brazil","phone":"686-738-0790"},
{"id":188,"first_name":"Claudelle","last_name":"Andrat","email":"candrat57@yale.edu","date_of_birth":"2006-09-26T04:01:39Z","age":24,"country":"Indonesia","phone":"110-107-8993"},
{"id":189,"first_name":"Uriah","last_name":"Liverock","email":"uliverock58@yahoo.co.jp","date_of_birth":"2003-02-14T23:16:55Z","age":41,"country":"China","phone":"254-349-3247"},
{"id":190,"first_name":"Radcliffe","last_name":"Marunchak","email":"rmarunchak59@php.net","date_of_birth":"1998-05-25T23:27:28Z","age":26,"country":"Mongolia","phone":"334-269-2679"},
{"id":191,"first_name":"Layney","last_name":"Burnel","email":"lburnel5a@cloudflare.com","date_of_birth":"2001-05-13T18:24:57Z","age":58,"country":"China","phone":"848-249-5025"},
{"id":192,"first_name":"Andreana","last_name":"Kybird","email":"akybird5b@tamu.edu","date_of_birth":"2000-08-30T15:15:02Z","age":27,"country":"Indonesia","phone":"782-189-1119"},
{"id":193,"first_name":"Hayes","last_name":"Cleverley","email":"hcleverley5c@bing.com","date_of_birth":"2002-02-16T11:38:50Z","age":24,"country":"Macedonia","phone":"793-681-2030"},
{"id":194,"first_name":"Afton","last_name":"Howorth","email":"ahoworth5d@nyu.edu","date_of_birth":"1975-10-30T07:39:37Z","age":50,"country":"China","phone":"869-197-4120"},
{"id":195,"first_name":"Brien","last_name":"Girardey","email":"bgirardey5e@multiply.com","date_of_birth":"2010-10-24T18:14:31Z","age":31,"country":"China","phone":"261-124-1697"},
{"id":196,"first_name":"Giovanna","last_name":"Swindlehurst","email":"gswindlehurst5f@nba.com","date_of_birth":"1997-10-28T03:52:32Z","age":46,"country":"Indonesia","phone":"246-843-3352"},
{"id":197,"first_name":"Tallie","last_name":"Marzelli","email":"tmarzelli5g@berkeley.edu","date_of_birth":"2005-12-21T09:43:00Z","age":29,"country":"Russia","phone":"436-138-4323"},
{"id":198,"first_name":"Darren","last_name":"Addicote","email":"daddicote5h@hc360.com","date_of_birth":"1976-06-19T14:40:39Z","age":31,"country":"Sweden","phone":"530-295-2865"},
{"id":199,"first_name":"Michel","last_name":"Jovicevic","email":"mjovicevic5i@wordpress.com","date_of_birth":"1975-09-05T09:31:15Z","age":20,"country":"France","phone":"384-472-0318"},
{"id":200,"first_name":"Nixie","last_name":"Arundel","email":"narundel5j@telegraph.co.uk","date_of_birth":"1996-09-09T04:58:39Z","age":33,"country":"Brazil","phone":"413-168-3420"}]